record_id,player_name,component,amount,currency,source_url,note
S26-0034,Jakub Kiwior,Add-ons maximum,5000000,EUR,https://www.theguardian.com/football/ng-interactive/2026/sep/01/mens-transfer-window-summer-2026-all-deals-from-europes-top-five-leagues,Reported in source detail; do not add potential totals to base fees or future purchases to current spend.
S26-0160,Alejandro Grimaldo,Add-ons maximum,3000000,EUR,https://www.theguardian.com/football/ng-interactive/2026/sep/01/mens-transfer-window-summer-2026-all-deals-from-europes-top-five-leagues,Reported in source detail; do not add potential totals to base fees or future purchases to current spend.
S26-0171,Jeff Ekhator,Add-ons maximum,1700000,GBP,https://www.theguardian.com/football/ng-interactive/2026/sep/01/mens-transfer-window-summer-2026-all-deals-from-europes-top-five-leagues,Reported in source detail; do not add potential totals to base fees or future purchases to current spend.
S26-0195,Hayden Hackney,Base fee,16500000,GBP,https://www.theguardian.com/football/ng-interactive/2026/sep/01/mens-transfer-window-summer-2026-all-deals-from-europes-top-five-leagues,Reported in source detail; do not add potential totals to base fees or future purchases to current spend.
S26-0195,Hayden Hackney,Potential total,25000000,GBP,https://www.theguardian.com/football/ng-interactive/2026/sep/01/mens-transfer-window-summer-2026-all-deals-from-europes-top-five-leagues,Reported in source detail; do not add potential totals to base fees or future purchases to current spend.
S26-0202,Kaiki,Future purchase obligation,12000000,EUR,https://www.theguardian.com/football/ng-interactive/2026/sep/01/mens-transfer-window-summer-2026-all-deals-from-europes-top-five-leagues,Reported in source detail; do not add potential totals to base fees or future purchases to current spend.
S26-0208,Julien Duranville,Add-ons maximum,3000000,GBP,https://www.theguardian.com/football/ng-interactive/2026/sep/01/mens-transfer-window-summer-2026-all-deals-from-europes-top-five-leagues,Reported in source detail; do not add potential totals to base fees or future purchases to current spend.
S26-0240,Mohamed Ouédraogo,Add-ons maximum,500000,GBP,https://www.theguardian.com/football/ng-interactive/2026/sep/01/mens-transfer-window-summer-2026-all-deals-from-europes-top-five-leagues,Reported in source detail; do not add potential totals to base fees or future purchases to current spend.
S26-0243,Nathan Aké,Base fee,7000000,GBP,https://www.theguardian.com/football/ng-interactive/2026/sep/01/mens-transfer-window-summer-2026-all-deals-from-europes-top-five-leagues,Reported in source detail; do not add potential totals to base fees or future purchases to current spend.
S26-0243,Nathan Aké,Potential total,8500000,GBP,https://www.theguardian.com/football/ng-interactive/2026/sep/01/mens-transfer-window-summer-2026-all-deals-from-europes-top-five-leagues,Reported in source detail; do not add potential totals to base fees or future purchases to current spend.
S26-0256,Tyrique George,Base fee,18000000,GBP,https://www.theguardian.com/football/ng-interactive/2026/sep/01/mens-transfer-window-summer-2026-all-deals-from-europes-top-five-leagues,Reported in source detail; do not add potential totals to base fees or future purchases to current spend.
S26-0298,Pierce Charles,Base fee,3000000,GBP,https://www.theguardian.com/football/ng-interactive/2026/sep/01/mens-transfer-window-summer-2026-all-deals-from-europes-top-five-leagues,Reported in source detail; do not add potential totals to base fees or future purchases to current spend.
S26-0298,Pierce Charles,Potential total,10000000,GBP,https://www.theguardian.com/football/ng-interactive/2026/sep/01/mens-transfer-window-summer-2026-all-deals-from-europes-top-five-leagues,Reported in source detail; do not add potential totals to base fees or future purchases to current spend.
S26-0306,Albion Rrahmani,Base fee,7500000,EUR,https://www.theguardian.com/football/ng-interactive/2026/sep/01/mens-transfer-window-summer-2026-all-deals-from-europes-top-five-leagues,Reported in source detail; do not add potential totals to base fees or future purchases to current spend.
S26-0306,Albion Rrahmani,Add-ons maximum,2000000,EUR,https://www.theguardian.com/football/ng-interactive/2026/sep/01/mens-transfer-window-summer-2026-all-deals-from-europes-top-five-leagues,Reported in source detail; do not add potential totals to base fees or future purchases to current spend.
S26-0435,Reigan Heskey,Base fee,2000000,GBP,https://www.theguardian.com/football/ng-interactive/2026/sep/01/mens-transfer-window-summer-2026-all-deals-from-europes-top-five-leagues,Reported in source detail; do not add potential totals to base fees or future purchases to current spend.
S26-0435,Reigan Heskey,Add-ons maximum,6000000,GBP,https://www.theguardian.com/football/ng-interactive/2026/sep/01/mens-transfer-window-summer-2026-all-deals-from-europes-top-five-leagues,Reported in source detail; do not add potential totals to base fees or future purchases to current spend.
S26-0439,Johan Manzambi,Base fee,50000000,EUR,https://www.theguardian.com/football/ng-interactive/2026/sep/01/mens-transfer-window-summer-2026-all-deals-from-europes-top-five-leagues,Reported in source detail; do not add potential totals to base fees or future purchases to current spend.
S26-0439,Johan Manzambi,Add-ons maximum,10000000,EUR,https://www.theguardian.com/football/ng-interactive/2026/sep/01/mens-transfer-window-summer-2026-all-deals-from-europes-top-five-leagues,Reported in source detail; do not add potential totals to base fees or future purchases to current spend.
S26-0463,Christ Inao Oulaï,Base fee,26000000,EUR,https://www.theguardian.com/football/ng-interactive/2026/sep/01/mens-transfer-window-summer-2026-all-deals-from-europes-top-five-leagues,Reported in source detail; do not add potential totals to base fees or future purchases to current spend.
S26-0499,Will Lankshear,Base fee,10000000,GBP,https://www.theguardian.com/football/ng-interactive/2026/sep/01/mens-transfer-window-summer-2026-all-deals-from-europes-top-five-leagues,Reported in source detail; do not add potential totals to base fees or future purchases to current spend.
S26-0499,Will Lankshear,Add-ons maximum,10000000,GBP,https://www.theguardian.com/football/ng-interactive/2026/sep/01/mens-transfer-window-summer-2026-all-deals-from-europes-top-five-leagues,Reported in source detail; do not add potential totals to base fees or future purchases to current spend.
S26-0556,Aladji Bamba,Add-ons maximum,5500000,GBP,https://www.theguardian.com/football/ng-interactive/2026/sep/01/mens-transfer-window-summer-2026-all-deals-from-europes-top-five-leagues,Reported in source detail; do not add potential totals to base fees or future purchases to current spend.
S26-0616,Loïs Openda,Loan fee,3000000,GBP,https://www.theguardian.com/football/ng-interactive/2026/sep/01/mens-transfer-window-summer-2026-all-deals-from-europes-top-five-leagues,Reported in source detail; do not add potential totals to base fees or future purchases to current spend.
S26-0667,Pietro Comuzzo,Loan fee,1000000,EUR,https://www.theguardian.com/football/ng-interactive/2026/sep/01/mens-transfer-window-summer-2026-all-deals-from-europes-top-five-leagues,Reported in source detail; do not add potential totals to base fees or future purchases to current spend.
S26-0667,Pietro Comuzzo,Future purchase option,19000000,EUR,https://www.theguardian.com/football/ng-interactive/2026/sep/01/mens-transfer-window-summer-2026-all-deals-from-europes-top-five-leagues,Reported in source detail; do not add potential totals to base fees or future purchases to current spend.
S26-0683,Artem Dovbyk,Loan fee,3000000,EUR,https://www.theguardian.com/football/ng-interactive/2026/sep/01/mens-transfer-window-summer-2026-all-deals-from-europes-top-five-leagues,Reported in source detail; do not add potential totals to base fees or future purchases to current spend.
S26-0683,Artem Dovbyk,Future purchase option,18000000,EUR,https://www.theguardian.com/football/ng-interactive/2026/sep/01/mens-transfer-window-summer-2026-all-deals-from-europes-top-five-leagues,Reported in source detail; do not add potential totals to base fees or future purchases to current spend.
S26-0689,Kieron Bowie,Future purchase price,10500000,EUR,https://www.theguardian.com/football/ng-interactive/2026/sep/01/mens-transfer-window-summer-2026-all-deals-from-europes-top-five-leagues,Reported in source detail; do not add potential totals to base fees or future purchases to current spend.
S26-0703,António Silva,Base fee,21400000,GBP,https://www.theguardian.com/football/ng-interactive/2026/sep/01/mens-transfer-window-summer-2026-all-deals-from-europes-top-five-leagues,Reported in source detail; do not add potential totals to base fees or future purchases to current spend.
S26-0703,António Silva,Add-ons maximum,4300000,GBP,https://www.theguardian.com/football/ng-interactive/2026/sep/01/mens-transfer-window-summer-2026-all-deals-from-europes-top-five-leagues,Reported in source detail; do not add potential totals to base fees or future purchases to current spend.
S26-0704,Sam Szmodics,Future purchase obligation,2700000,GBP,https://www.theguardian.com/football/ng-interactive/2026/sep/01/mens-transfer-window-summer-2026-all-deals-from-europes-top-five-leagues,Reported in source detail; do not add potential totals to base fees or future purchases to current spend.
S26-0724,Randal Kolo Muani,Base fee,38000000,EUR,https://www.theguardian.com/football/ng-interactive/2026/sep/01/mens-transfer-window-summer-2026-all-deals-from-europes-top-five-leagues,Reported in source detail; do not add potential totals to base fees or future purchases to current spend.
S26-0724,Randal Kolo Muani,Potential total,50000000,EUR,https://www.theguardian.com/football/ng-interactive/2026/sep/01/mens-transfer-window-summer-2026-all-deals-from-europes-top-five-leagues,Reported in source detail; do not add potential totals to base fees or future purchases to current spend.
S26-0737,Vasilije Adzic,Loan fee,428000,GBP,https://www.theguardian.com/football/ng-interactive/2026/sep/01/mens-transfer-window-summer-2026-all-deals-from-europes-top-five-leagues,Numeric price on source loan row.
S26-0746,Charlie Cresswell,Future purchase obligation,19300000,GBP,https://www.theguardian.com/football/ng-interactive/2026/sep/01/mens-transfer-window-summer-2026-all-deals-from-europes-top-five-leagues,Reported in source detail; do not add potential totals to base fees or future purchases to current spend.
S26-0807,Junior Dina Ebimbe,Potential total,1300000,EUR,https://www.theguardian.com/football/ng-interactive/2026/sep/01/mens-transfer-window-summer-2026-all-deals-from-europes-top-five-leagues,Reported in source detail; do not add potential totals to base fees or future purchases to current spend.
S26-0819,Tynan Thompson,Base fee,4000000,GBP,https://www.theguardian.com/football/ng-interactive/2026/sep/01/mens-transfer-window-summer-2026-all-deals-from-europes-top-five-leagues,Reported in source detail; do not add potential totals to base fees or future purchases to current spend.
S26-0819,Tynan Thompson,Add-ons maximum,4000000,GBP,https://www.theguardian.com/football/ng-interactive/2026/sep/01/mens-transfer-window-summer-2026-all-deals-from-europes-top-five-leagues,Reported in source detail; do not add potential totals to base fees or future purchases to current spend.
S26-0821,Pierce Charles,Base fee,3000000,GBP,https://www.theguardian.com/football/ng-interactive/2026/sep/01/mens-transfer-window-summer-2026-all-deals-from-europes-top-five-leagues,Reported in source detail; do not add potential totals to base fees or future purchases to current spend.
S26-0821,Pierce Charles,Potential total,10000000,GBP,https://www.theguardian.com/football/ng-interactive/2026/sep/01/mens-transfer-window-summer-2026-all-deals-from-europes-top-five-leagues,Reported in source detail; do not add potential totals to base fees or future purchases to current spend.
S26-0933,Enes Unal,Conditional bonuses,1300000,GBP,https://www.theguardian.com/football/ng-interactive/2026/sep/01/mens-transfer-window-summer-2026-all-deals-from-europes-top-five-leagues,Reported in source detail; do not add potential totals to base fees or future purchases to current spend.
S26-0934,Roberto Piccoli,Future purchase obligation,15400000,GBP,https://www.theguardian.com/football/ng-interactive/2026/sep/01/mens-transfer-window-summer-2026-all-deals-from-europes-top-five-leagues,Reported in source detail; do not add potential totals to base fees or future purchases to current spend.
S26-0936,Thomas Kristensen,Future purchase obligation,18800000,GBP,https://www.theguardian.com/football/ng-interactive/2026/sep/01/mens-transfer-window-summer-2026-all-deals-from-europes-top-five-leagues,Reported in source detail; do not add potential totals to base fees or future purchases to current spend.
S26-1012,Rodri,Base fee,60000000,EUR,https://www.theguardian.com/football/ng-interactive/2026/sep/01/mens-transfer-window-summer-2026-all-deals-from-europes-top-five-leagues,Reported in source detail; do not add potential totals to base fees or future purchases to current spend.
S26-1012,Rodri,Add-ons maximum,15000000,EUR,https://www.theguardian.com/football/ng-interactive/2026/sep/01/mens-transfer-window-summer-2026-all-deals-from-europes-top-five-leagues,Reported in source detail; do not add potential totals to base fees or future purchases to current spend.
S26-1024,Promise David,Future purchase obligation,22000000,GBP,https://www.theguardian.com/football/ng-interactive/2026/sep/01/mens-transfer-window-summer-2026-all-deals-from-europes-top-five-leagues,Reported in source detail; do not add potential totals to base fees or future purchases to current spend.
S26-1035,Rodrigo Mora,Base fee,25000000,EUR,https://www.theguardian.com/football/ng-interactive/2026/sep/01/mens-transfer-window-summer-2026-all-deals-from-europes-top-five-leagues,Reported in source detail; do not add potential totals to base fees or future purchases to current spend.
S26-1038,Thomas Jørgensen,Base fee,7500000,EUR,https://www.theguardian.com/football/ng-interactive/2026/sep/01/mens-transfer-window-summer-2026-all-deals-from-europes-top-five-leagues,Reported in source detail; do not add potential totals to base fees or future purchases to current spend.
S26-1051,Aaron Wan-Bissaka,Future purchase obligation,25000000,GBP,https://www.theguardian.com/football/ng-interactive/2026/sep/01/mens-transfer-window-summer-2026-all-deals-from-europes-top-five-leagues,Reported in source detail; do not add potential totals to base fees or future purchases to current spend.
S26-1058,Ezri Konsa,Base fee,51000000,GBP,https://www.theguardian.com/football/ng-interactive/2026/sep/01/mens-transfer-window-summer-2026-all-deals-from-europes-top-five-leagues,Reported in source detail; do not add potential totals to base fees or future purchases to current spend.
S26-1058,Ezri Konsa,Add-ons maximum,4000000,GBP,https://www.theguardian.com/football/ng-interactive/2026/sep/01/mens-transfer-window-summer-2026-all-deals-from-europes-top-five-leagues,Reported in source detail; do not add potential totals to base fees or future purchases to current spend.
S26-1066,Benoît Badiashile,Loan fee,3000000,EUR,https://www.theguardian.com/football/ng-interactive/2026/sep/01/mens-transfer-window-summer-2026-all-deals-from-europes-top-five-leagues,Reported in source detail; do not add potential totals to base fees or future purchases to current spend.
S26-1066,Benoît Badiashile,Future purchase option,23000000,EUR,https://www.theguardian.com/football/ng-interactive/2026/sep/01/mens-transfer-window-summer-2026-all-deals-from-europes-top-five-leagues,Reported in source detail; do not add potential totals to base fees or future purchases to current spend.
S26-1116,Michele Di Gregorio,Loan fee,1100000,GBP,https://www.theguardian.com/football/ng-interactive/2026/sep/01/mens-transfer-window-summer-2026-all-deals-from-europes-top-five-leagues,Reported in source detail; do not add potential totals to base fees or future purchases to current spend.
S26-1116,Michele Di Gregorio,Future purchase option,10800000,GBP,https://www.theguardian.com/football/ng-interactive/2026/sep/01/mens-transfer-window-summer-2026-all-deals-from-europes-top-five-leagues,Reported in source detail; do not add potential totals to base fees or future purchases to current spend.
S26-1145,Bryan Zaragoza,Future purchase obligation,8000000,EUR,https://www.theguardian.com/football/ng-interactive/2026/sep/01/mens-transfer-window-summer-2026-all-deals-from-europes-top-five-leagues,Reported in source detail; do not add potential totals to base fees or future purchases to current spend.
S26-1146,Omar Marmoush,Future purchase obligation,60000000,GBP,https://www.theguardian.com/football/ng-interactive/2026/sep/01/mens-transfer-window-summer-2026-all-deals-from-europes-top-five-leagues,Reported in source detail; do not add potential totals to base fees or future purchases to current spend.
S26-1153,Noah Atubolu,Future purchase obligation,12500000,EUR,https://www.theguardian.com/football/ng-interactive/2026/sep/01/mens-transfer-window-summer-2026-all-deals-from-europes-top-five-leagues,Reported in source detail; do not add potential totals to base fees or future purchases to current spend.
S26-1162,Fabio Miretti,Loan fee,2100000,EUR,https://www.theguardian.com/football/ng-interactive/2026/sep/01/mens-transfer-window-summer-2026-all-deals-from-europes-top-five-leagues,Reported in source detail; do not add potential totals to base fees or future purchases to current spend.
S26-1162,Fabio Miretti,Future purchase option,13000000,EUR,https://www.theguardian.com/football/ng-interactive/2026/sep/01/mens-transfer-window-summer-2026-all-deals-from-europes-top-five-leagues,Reported in source detail; do not add potential totals to base fees or future purchases to current spend.
S26-1323,Beto,Base fee,18000000,EUR,https://www.theguardian.com/football/ng-interactive/2026/sep/01/mens-transfer-window-summer-2026-all-deals-from-europes-top-five-leagues,Reported in source detail; do not add potential totals to base fees or future purchases to current spend.
S26-1332,Moise Kean,Future purchase obligation,30000000,EUR,https://www.theguardian.com/football/ng-interactive/2026/sep/01/mens-transfer-window-summer-2026-all-deals-from-europes-top-five-leagues,Reported in source detail; do not add potential totals to base fees or future purchases to current spend.
S26-1332,Moise Kean,Loan fee plus add-ons combined,10000000,EUR,https://www.theguardian.com/football/ng-interactive/2026/sep/01/mens-transfer-window-summer-2026-all-deals-from-europes-top-five-leagues,Reported in source detail; do not add potential totals to base fees or future purchases to current spend.
S26-1364,Iliman Ndiaye,Add-ons included in quoted amount,5000000,GBP,https://www.theguardian.com/football/ng-interactive/2026/sep/01/mens-transfer-window-summer-2026-all-deals-from-europes-top-five-leagues,Reported in source detail; do not add potential totals to base fees or future purchases to current spend.
S26-1110,Sávio,Base fee,75000000,GBP,https://app.standard.co.uk/sport/football/de-zerbi-savio-warning-tottenham-b1294639.html,Reported by secondary fee source; base and add-ons separately identified.
S26-1110,Sávio,Add-ons maximum,10000000,GBP,https://app.standard.co.uk/sport/football/de-zerbi-savio-warning-tottenham-b1294639.html,Reported by secondary fee source; base and add-ons separately identified.
S26-1117,Carlos Baleba,Base fee,65000000,GBP,https://www.youtube.com/watch?v=PehqAJSZQ5M,Reported by secondary fee source; base and add-ons separately identified.
S26-1117,Carlos Baleba,Add-ons maximum,5000000,GBP,https://www.youtube.com/watch?v=PehqAJSZQ5M,Reported by secondary fee source; base and add-ons separately identified.
