record_id,player_name,from_club,to_club,announcement_date,transfer_type,fee_status,quoted_fee_gbp,quote_basis,from_league,to_league,position,match_status,existing_excel_row,existing_transfer_date,existing_fee_eur,review_notes,source_url,source_data_url,retrieved_date
S26-0004,David Alaba,Real Madrid,Free agent,2026-05-22,Released,Released,,No numeric source quote,La Liga,Outside top five / unattached,Defender,Review or excluded,,,,Retirement or release; not a transfer fee; Early announcement; source assigns to summer window,https://www.theguardian.com/football/ng-interactive/2026/sep/01/mens-transfer-window-summer-2026-all-deals-from-europes-top-five-leagues,https://interactive.guim.co.uk/2024/07/transfers/men-summer-2026.json,2026-10-03
S26-0005,César Azpilicueta,Sevilla,Retired,2026-05-22,Retired,Retired,,No numeric source quote,La Liga,Outside top five / unattached,Defender,Review or excluded,,,,Retirement or release; not a transfer fee; Early announcement; source assigns to summer window,https://www.theguardian.com/football/ng-interactive/2026/sep/01/mens-transfer-window-summer-2026-all-deals-from-europes-top-five-leagues,https://interactive.guim.co.uk/2024/07/transfers/men-summer-2026.json,2026-10-03
S26-0012,James Milner,Brighton,Retired,2026-06-01,Retired,Retired,,No numeric source quote,Premier League,Outside top five / unattached,Midfielder,Review or excluded,,,,Retirement or release; not a transfer fee,https://www.theguardian.com/football/ng-interactive/2026/sep/01/mens-transfer-window-summer-2026-all-deals-from-europes-top-five-leagues,https://interactive.guim.co.uk/2024/07/transfers/men-summer-2026.json,2026-10-03
S26-0116,Solly March,Brighton,Free agent,2026-05-26,Released,Released,,No numeric source quote,Premier League,Outside top five / unattached,Winger,Review or excluded,,,,Retirement or release; not a transfer fee; Early announcement; source assigns to summer window,https://www.theguardian.com/football/ng-interactive/2026/sep/01/mens-transfer-window-summer-2026-all-deals-from-europes-top-five-leagues,https://interactive.guim.co.uk/2024/07/transfers/men-summer-2026.json,2026-10-03
S26-0119,Séamus Coleman,Everton,Free agent,2026-05-15,Released,Released,,No numeric source quote,Premier League,Outside top five / unattached,Defender,Review or excluded,,,,Retirement or release; not a transfer fee; Early announcement; source assigns to summer window,https://www.theguardian.com/football/ng-interactive/2026/sep/01/mens-transfer-window-summer-2026-all-deals-from-europes-top-five-leagues,https://interactive.guim.co.uk/2024/07/transfers/men-summer-2026.json,2026-10-03
S26-0140,Dani Ceballos,Real Madrid,Real Betis,2026-09-01,Released,Released,,No numeric source quote,La Liga,La Liga,Midfielder,Review or excluded,,,,Retirement or release; not a transfer fee,https://www.theguardian.com/football/ng-interactive/2026/sep/01/mens-transfer-window-summer-2026-all-deals-from-europes-top-five-leagues,https://interactive.guim.co.uk/2024/07/transfers/men-summer-2026.json,2026-10-03
S26-0154,Wilitty Younoussa,Rodez,Nantes,2026-06-23,Free,Free transfer,,Free base transfer; other costs not represented,Outside top five / unattached,Outside top five / unattached,Midfielder,Review or excluded,,,,Neither club in source top-five roster,https://www.theguardian.com/football/ng-interactive/2026/sep/01/mens-transfer-window-summer-2026-all-deals-from-europes-top-five-leagues,https://interactive.guim.co.uk/2024/07/transfers/men-summer-2026.json,2026-10-03
S26-0448,Daniel Klein,Augsburg,Free agent,2026-07-01,Released,Released,,No numeric source quote,Bundesliga,Outside top five / unattached,Goalkeeper,Review or excluded,,,,Retirement or release; not a transfer fee,https://www.theguardian.com/football/ng-interactive/2026/sep/01/mens-transfer-window-summer-2026-all-deals-from-europes-top-five-leagues,https://interactive.guim.co.uk/2024/07/transfers/men-summer-2026.json,2026-10-03
S26-0464,Raphaël Guerreiro,Bayern Munich,Free agent,2026-07-01,Released,Released,,No numeric source quote,Bundesliga,Outside top five / unattached,Defender,Review or excluded,,,,Retirement or release; not a transfer fee,https://www.theguardian.com/football/ng-interactive/2026/sep/01/mens-transfer-window-summer-2026-all-deals-from-europes-top-five-leagues,https://interactive.guim.co.uk/2024/07/transfers/men-summer-2026.json,2026-10-03
S26-0544,Modou Kéba Cissé,LASK,Aston Villa,2026-07-19,Pre-contract agreemen,Pre-contract agreemen,,No numeric source quote,Outside top five / unattached,Premier League,Defender,Review or excluded,,,,Future arrival; outside summer-2026 completion,https://www.theguardian.com/football/ng-interactive/2026/sep/01/mens-transfer-window-summer-2026-all-deals-from-europes-top-five-leagues,https://interactive.guim.co.uk/2024/07/transfers/men-summer-2026.json,2026-10-03
S26-0549,Adam Webster,Brighton,Free agent,2026-06-30,Released,Released,,No numeric source quote,Premier League,Outside top five / unattached,Defender,Review or excluded,,,,Retirement or release; not a transfer fee,https://www.theguardian.com/football/ng-interactive/2026/sep/01/mens-transfer-window-summer-2026-all-deals-from-europes-top-five-leagues,https://interactive.guim.co.uk/2024/07/transfers/men-summer-2026.json,2026-10-03
S26-0597,Hugo Pérez,Espanyol,Torreense,2026-07-01,Fre,Fre,,No numeric source quote,La Liga,Outside top five / unattached,Defender,Review or excluded,,,,Malformed source transfer type,https://www.theguardian.com/football/ng-interactive/2026/sep/01/mens-transfer-window-summer-2026-all-deals-from-europes-top-five-leagues,https://interactive.guim.co.uk/2024/07/transfers/men-summer-2026.json,2026-10-03
S26-0642,Luismi,Málaga,Retired,2026-07-10,Retired,Retired,,No numeric source quote,La Liga,Outside top five / unattached,Midfielder,Review or excluded,,,,Retirement or release; not a transfer fee,https://www.theguardian.com/football/ng-interactive/2026/sep/01/mens-transfer-window-summer-2026-all-deals-from-europes-top-five-leagues,https://interactive.guim.co.uk/2024/07/transfers/men-summer-2026.json,2026-10-03
S26-0814,Raphael Kofler,Südtirol,Cagliari,2026-07-31,Fee,Reported fee,2700000,Source quote; base/add-on treatment unspecified,Outside top five / unattached,Serie A,Defender,Review or excluded,,,,Source type Fee but description says loan with conditional purchase; Future purchase conditions mentioned,https://www.theguardian.com/football/ng-interactive/2026/sep/01/mens-transfer-window-summer-2026-all-deals-from-europes-top-five-leagues,https://interactive.guim.co.uk/2024/07/transfers/men-summer-2026.json,2026-10-03
S26-0824,Samuel Martínez,Atlético Nacional,Liverpool,2026-07-21,joining in 2027,joining in 2027,,No numeric source quote,Outside top five / unattached,Premier League,Midfielder,Review or excluded,,,,Future arrival; outside summer-2026 completion,https://www.theguardian.com/football/ng-interactive/2026/sep/01/mens-transfer-window-summer-2026-all-deals-from-europes-top-five-leagues,https://interactive.guim.co.uk/2024/07/transfers/men-summer-2026.json,2026-10-03
S26-0851,Ismaël Bennacer,Milan,Free agent,2026-08-07,Released,Released,,No numeric source quote,Serie A,Outside top five / unattached,Midfielder,Review or excluded,,,,Retirement or release; not a transfer fee,https://www.theguardian.com/football/ng-interactive/2026/sep/01/mens-transfer-window-summer-2026-all-deals-from-europes-top-five-leagues,https://interactive.guim.co.uk/2024/07/transfers/men-summer-2026.json,2026-10-03
S26-0893,Rabby Nzingoula,Strasbourg,West Bromwich Albion,2026-08-11,Undisclosed fee,Undisclosed,2000000,Source quote; base/add-on treatment unspecified,Ligue 1,Outside top five / unattached,Midfielder,Review or excluded,,,,Fee-status conflict: undisclosed with numeric quote,https://www.theguardian.com/football/ng-interactive/2026/sep/01/mens-transfer-window-summer-2026-all-deals-from-europes-top-five-leagues,https://interactive.guim.co.uk/2024/07/transfers/men-summer-2026.json,2026-10-03
S26-0964,Ciro Immobile,Paris FC,Retired,2026-08-14,Retired,Retired,,No numeric source quote,Ligue 1,Outside top five / unattached,Forward,Review or excluded,,,,Retirement or release; not a transfer fee,https://www.theguardian.com/football/ng-interactive/2026/sep/01/mens-transfer-window-summer-2026-all-deals-from-europes-top-five-leagues,https://interactive.guim.co.uk/2024/07/transfers/men-summer-2026.json,2026-10-03
S26-0965,Zachary Athekame,Milan,Lyon,,Loan,Loan fee not stated,,No numeric source quote,Serie A,Ligue 1,Defender,Review or excluded,,,,Missing announcement date; Blank quote does not mean zero loan fee,https://www.theguardian.com/football/ng-interactive/2026/sep/01/mens-transfer-window-summer-2026-all-deals-from-europes-top-five-leagues,https://interactive.guim.co.uk/2024/07/transfers/men-summer-2026.json,2026-10-03
S26-1091,Matías Vecino,Celta Vigo,Free agent,2026-08-21,Released,Released,,No numeric source quote,La Liga,Outside top five / unattached,Midfielder,Review or excluded,,,,Retirement or release; not a transfer fee,https://www.theguardian.com/football/ng-interactive/2026/sep/01/mens-transfer-window-summer-2026-all-deals-from-europes-top-five-leagues,https://interactive.guim.co.uk/2024/07/transfers/men-summer-2026.json,2026-10-03
S26-1263,Aris Bayindir,Schalke 04,Free agent,2026-09-01,Released,Released,,No numeric source quote,Bundesliga,Outside top five / unattached,Midfielder,Review or excluded,,,,Retirement or release; not a transfer fee,https://www.theguardian.com/football/ng-interactive/2026/sep/01/mens-transfer-window-summer-2026-all-deals-from-europes-top-five-leagues,https://interactive.guim.co.uk/2024/07/transfers/men-summer-2026.json,2026-10-03
S26-1307,Thomas Kastanaras,Augsburg,Würzburg,2026-09-01,Released,Released,,No numeric source quote,Bundesliga,Outside top five / unattached,Forward,Review or excluded,,,,Retirement or release; not a transfer fee,https://www.theguardian.com/football/ng-interactive/2026/sep/01/mens-transfer-window-summer-2026-all-deals-from-europes-top-five-leagues,https://interactive.guim.co.uk/2024/07/transfers/men-summer-2026.json,2026-10-03
S26-1402,Thierry Tazemeta,Borussia Dortmund,Kaiserslautern,2026-07-01,Released,Released,,No numeric source quote,Bundesliga,Outside top five / unattached,Winger,Review or excluded,,,,Retirement or release; not a transfer fee,https://www.theguardian.com/football/ng-interactive/2026/sep/01/mens-transfer-window-summer-2026-all-deals-from-europes-top-five-leagues,https://interactive.guim.co.uk/2024/07/transfers/men-summer-2026.json,2026-10-03
S26-1446,Marco Richter,Mainz 05,Free agent,2026-09-02,Released,Released,,No numeric source quote,Bundesliga,Outside top five / unattached,Midfielder,Review or excluded,,,,Retirement or release; not a transfer fee; After main leagues deadline; retained under source summer coverage,https://www.theguardian.com/football/ng-interactive/2026/sep/01/mens-transfer-window-summer-2026-all-deals-from-europes-top-five-leagues,https://interactive.guim.co.uk/2024/07/transfers/men-summer-2026.json,2026-10-03
S26-1452,Carles Pérez,Celta Vigo,Free agent,2026-09-01,Released,Released,,No numeric source quote,La Liga,Outside top five / unattached,Winger,Review or excluded,,,,Retirement or release; not a transfer fee,https://www.theguardian.com/football/ng-interactive/2026/sep/01/mens-transfer-window-summer-2026-all-deals-from-europes-top-five-leagues,https://interactive.guim.co.uk/2024/07/transfers/men-summer-2026.json,2026-10-03
S26-1469,Florian Kainz,Cologne,Retired,2026-07-01,Retired,Retired,,No numeric source quote,Bundesliga,Outside top five / unattached,Midfielder,Review or excluded,,,,Retirement or release; not a transfer fee,https://www.theguardian.com/football/ng-interactive/2026/sep/01/mens-transfer-window-summer-2026-all-deals-from-europes-top-five-leagues,https://interactive.guim.co.uk/2024/07/transfers/men-summer-2026.json,2026-10-03
S26-1471,Luca Kilian,Cologne,Free agent,2026-07-01,Retired,Retired,,No numeric source quote,Bundesliga,Outside top five / unattached,Defender,Review or excluded,,,,Retirement or release; not a transfer fee,https://www.theguardian.com/football/ng-interactive/2026/sep/01/mens-transfer-window-summer-2026-all-deals-from-europes-top-five-leagues,https://interactive.guim.co.uk/2024/07/transfers/men-summer-2026.json,2026-10-03
S26-1498,Djylian N'Guessan,Saint-Etienne,Liverpool,2026-09-04,Fee,Reported fee,4300000,Source quote; base/add-on treatment unspecified,Outside top five / unattached,Premier League,Forward,Review or excluded,,,,Future arrival; outside summer-2026 completion; After main leagues deadline; retained under source summer coverage,https://www.theguardian.com/football/ng-interactive/2026/sep/01/mens-transfer-window-summer-2026-all-deals-from-europes-top-five-leagues,https://interactive.guim.co.uk/2024/07/transfers/men-summer-2026.json,2026-10-03
