record_id,player_name,from_club,to_club,announcement_date,transfer_type,fee_status,quoted_fee_gbp,quote_basis,from_league,to_league,position,match_status,existing_excel_row,existing_transfer_date,existing_fee_eur,review_notes,source_url,source_data_url,retrieved_date,has_reported_fee,is_permanent_fee,announcement_month
S26-0007,Jérémy Jacquet,Rennes,Liverpool,2026-07-01,Fee,Reported fee,55000000,Source quote; base/add-on treatment unspecified,Ligue 1,Premier League,Defender,Already in workbook,102,2026-07-01,63600000,,https://www.theguardian.com/football/ng-interactive/2026/sep/01/mens-transfer-window-summer-2026-all-deals-from-europes-top-five-leagues,https://interactive.guim.co.uk/2024/07/transfers/men-summer-2026.json,2026-10-03,1,1,2026-07
S26-0010,Anthony Gordon,Newcastle United,Barcelona,2026-05-29,Fee,Reported fee,69300000,Source quote; base/add-on treatment unspecified,Premier League,La Liga,Winger,Already in workbook,50,2026-07-01,80000000,Early announcement; source assigns to summer window; Announcement date differs from workbook transfer date,https://www.theguardian.com/football/ng-interactive/2026/sep/01/mens-transfer-window-summer-2026-all-deals-from-europes-top-five-leagues,https://interactive.guim.co.uk/2024/07/transfers/men-summer-2026.json,2026-10-03,1,1,2026-05
S26-0020,Geovany Quenda,Sporting,Chelsea,2026-07-08,Fee,Reported fee,40000000,Source quote; base/add-on treatment unspecified,Outside top five / unattached,Premier League,Winger,Already in workbook,166,2026-07-01,50700000,Announcement date differs from workbook transfer date,https://www.theguardian.com/football/ng-interactive/2026/sep/01/mens-transfer-window-summer-2026-all-deals-from-europes-top-five-leagues,https://interactive.guim.co.uk/2024/07/transfers/men-summer-2026.json,2026-10-03,1,1,2026-07
S26-0095,Jan Paul van Hecke,Brighton,Tottenham Hotspur,2026-06-18,Fee,Reported fee,52000000,Source quote; base/add-on treatment unspecified,Premier League,Premier League,Defender,Already in workbook,117,2026-06-19,60000000,Announcement date differs from workbook transfer date,https://www.theguardian.com/football/ng-interactive/2026/sep/01/mens-transfer-window-summer-2026-all-deals-from-europes-top-five-leagues,https://interactive.guim.co.uk/2024/07/transfers/men-summer-2026.json,2026-10-03,1,1,2026-06
S26-0130,Piero Hincapié,Bayer Leverkusen,Arsenal,2026-06-25,Fee,Reported fee,45000000,Source quote; base/add-on treatment unspecified,Bundesliga,Premier League,Defender,Already in workbook,161,2026-07-01,52000000,Announcement date differs from workbook transfer date,https://www.theguardian.com/football/ng-interactive/2026/sep/01/mens-transfer-window-summer-2026-all-deals-from-europes-top-five-leagues,https://interactive.guim.co.uk/2024/07/transfers/men-summer-2026.json,2026-10-03,1,1,2026-06
S26-0196,Mateus Fernandes,West Ham United,Tottenham Hotspur,2026-07-02,Fee,Reported fee,85000000,Source quote; base/add-on treatment unspecified,Outside top five / unattached,Premier League,Midfielder,Already in workbook,26,2026-07-02,99000000,,https://www.theguardian.com/football/ng-interactive/2026/sep/01/mens-transfer-window-summer-2026-all-deals-from-europes-top-five-leagues,https://interactive.guim.co.uk/2024/07/transfers/men-summer-2026.json,2026-10-03,1,1,2026-07
S26-0200,Elliot Anderson,Nottingham Forest,Manchester City,2026-07-23,Fee,Reported fee,116000000,Source quote; base/add-on treatment unspecified,Premier League,Premier League,Midfielder,Already in workbook,9,2026-07-15,135000000,Announcement date differs from workbook transfer date,https://www.theguardian.com/football/ng-interactive/2026/sep/01/mens-transfer-window-summer-2026-all-deals-from-europes-top-five-leagues,https://interactive.guim.co.uk/2024/07/transfers/men-summer-2026.json,2026-10-03,1,1,2026-07
S26-0252,Sandro Tonali,Newcastle United,Tottenham Hotspur,2026-07-06,Fee,Reported fee,92500000,Source quote; base/add-on treatment unspecified,Premier League,Premier League,Midfielder,Already in workbook,22,2026-08-01,107000000,Announcement date differs from workbook transfer date,https://www.theguardian.com/football/ng-interactive/2026/sep/01/mens-transfer-window-summer-2026-all-deals-from-europes-top-five-leagues,https://interactive.guim.co.uk/2024/07/transfers/men-summer-2026.json,2026-10-03,1,1,2026-07
S26-0492,Morgan Rogers,Aston Villa,Chelsea,2026-07-21,Fee,Reported fee,117000000,Source quote; base/add-on treatment unspecified,Premier League,Premier League,Forward,Already in workbook,7,2026-08-20,136000000,Announcement date differs from workbook transfer date,https://www.theguardian.com/football/ng-interactive/2026/sep/01/mens-transfer-window-summer-2026-all-deals-from-europes-top-five-leagues,https://interactive.guim.co.uk/2024/07/transfers/men-summer-2026.json,2026-10-03,1,1,2026-07
S26-0779,Yan Diomande,RB Leipzig,Real Madrid,2026-08-06,Fee,Reported fee,115700000,Source quote; base/add-on treatment unspecified,Bundesliga,La Liga,Winger,Already in workbook,14,2026-08-10,124000000,Announcement date differs from workbook transfer date,https://www.theguardian.com/football/ng-interactive/2026/sep/01/mens-transfer-window-summer-2026-all-deals-from-europes-top-five-leagues,https://interactive.guim.co.uk/2024/07/transfers/men-summer-2026.json,2026-10-03,1,1,2026-08
S26-0843,Bruno Guimarães,Newcastle United,Arsenal,2026-08-08,Fee,Reported fee,75000000,Source quote; base/add-on treatment unspecified,Premier League,Premier League,Midfielder,Already in workbook,36,2026-07-10,87000000,Announcement date differs from workbook transfer date,https://www.theguardian.com/football/ng-interactive/2026/sep/01/mens-transfer-window-summer-2026-all-deals-from-europes-top-five-leagues,https://interactive.guim.co.uk/2024/07/transfers/men-summer-2026.json,2026-10-03,1,1,2026-08
S26-1012,Rodri,Manchester City,Barcelona,2026-08-18,Fee,Reported fee,51300000,Source quote; base/add-on treatment unspecified,Premier League,La Liga,Midfielder,Already in workbook,57,2026-08-18,76500000,Add-ons/bonuses mentioned; See Fee_Components,https://www.theguardian.com/football/ng-interactive/2026/sep/01/mens-transfer-window-summer-2026-all-deals-from-europes-top-five-leagues,https://interactive.guim.co.uk/2024/07/transfers/men-summer-2026.json,2026-10-03,1,1,2026-08
S26-1058,Ezri Konsa,Aston Villa,Arsenal,2026-08-21,Fee,Reported fee,51000000,Source quote; base/add-on treatment unspecified,Premier League,Premier League,Defender,Already in workbook,130,2026-07-01,59000000,Add-ons/bonuses mentioned; See Fee_Components; Announcement date differs from workbook transfer date,https://www.theguardian.com/football/ng-interactive/2026/sep/01/mens-transfer-window-summer-2026-all-deals-from-europes-top-five-leagues,https://interactive.guim.co.uk/2024/07/transfers/men-summer-2026.json,2026-10-03,1,1,2026-08
S26-1119,Ayyoub Bouaddi,Lille,Manchester City,2026-08-26,Fee,Reported fee,85700000,Source quote; base/add-on treatment unspecified,Ligue 1,Premier League,Midfielder,Already in workbook,25,2026-07-20,100000000,Announcement date differs from workbook transfer date,https://www.theguardian.com/football/ng-interactive/2026/sep/01/mens-transfer-window-summer-2026-all-deals-from-europes-top-five-leagues,https://interactive.guim.co.uk/2024/07/transfers/men-summer-2026.json,2026-10-03,1,1,2026-08
S26-1230,Bradley Barcola,Paris Saint-Germain,Liverpool,2026-08-31,Fee,Reported fee,123000000,Source quote; base/add-on treatment unspecified,Ligue 1,Premier League,Forward,Already in workbook,13,2026-08-31,125000000,,https://www.theguardian.com/football/ng-interactive/2026/sep/01/mens-transfer-window-summer-2026-all-deals-from-europes-top-five-leagues,https://interactive.guim.co.uk/2024/07/transfers/men-summer-2026.json,2026-10-03,1,1,2026-08
S26-1254,Ibrahim Mbaye,Paris Saint-Germain,Aston Villa,2026-09-01,Fee,Reported fee,47000000,Source quote; base/add-on treatment unspecified,Ligue 1,Premier League,Forward,Already in workbook,146,2026-09-01,55000000,,https://www.theguardian.com/football/ng-interactive/2026/sep/01/mens-transfer-window-summer-2026-all-deals-from-europes-top-five-leagues,https://interactive.guim.co.uk/2024/07/transfers/men-summer-2026.json,2026-10-03,1,1,2026-09
S26-1364,Iliman Ndiaye,Everton,Manchester City,2026-09-01,Fee,Reported fee,60000000,Includes add-ons or potential total; see components,Premier League,Premier League,Winger,Already in workbook,68,2026-09-01,75000000,Add-ons/bonuses mentioned; See Fee_Components,https://www.theguardian.com/football/ng-interactive/2026/sep/01/mens-transfer-window-summer-2026-all-deals-from-europes-top-five-leagues,https://interactive.guim.co.uk/2024/07/transfers/men-summer-2026.json,2026-10-03,1,1,2026-09
S26-1420,Enzo Fernández,Chelsea,Manchester City,2026-09-01,Fee,Reported fee,125000000,Source quote; base/add-on treatment unspecified,Premier League,Premier League,Midfielder,Already in workbook,6,2026-09-01,145000000,,https://www.theguardian.com/football/ng-interactive/2026/sep/01/mens-transfer-window-summer-2026-all-deals-from-europes-top-five-leagues,https://interactive.guim.co.uk/2024/07/transfers/men-summer-2026.json,2026-10-03,1,1,2026-09
