player_name,position,sub_position,age,current_club_name,league,tm_value,fair_value,tm_to_fair,minutes,goals,assists,editorial_worth_eur,effective_worth_eur,valuation_basis,worth_rank
Michael Olise,Attack,Right Winger,25,Bayern Munich,L1,150000000,189044053.914417,0.7934658450982395,3788,18,34,,189044053.914417,Original model estimate,3
Erling Haaland,Attack,Centre-Forward,26,Manchester City,GB1,200000000,153998595.5173922,1.298713142987154,3981,39,9,195000000,195000000,Owner editorial estimate,2
Mason Greenwood,Attack,Right Winger,25,Olympique Marseille,FR1,55000000,145969100.7262228,0.3767920726123886,3007,19,6,,145969100.7262228,Original model estimate,4
Kylian Mbappé,Attack,Centre-Forward,28,Real Madrid,ES1,180000000,142205809.3970772,1.265771073370084,3621,43,9,,142205809.3970772,Original model estimate,5
Lamine Yamal,Attack,Right Winger,19,FC Barcelona,ES1,200000000,138809876.273412,1.4408196690995,3572,23,15,220000000,220000000,Owner editorial estimate,1
Warren Zaïre-Emery,Midfield,Central Midfield,20,Paris Saint-Germain,FR1,80000000,136949750.0980049,0.5841558669712787,3702,3,5,,136949750.0980049,Original model estimate,6
Enzo Fernández,Midfield,Central Midfield,25,Chelsea FC,GB1,90000000,136814184.4244301,0.6578265285768808,4210,13,6,,136814184.4244301,Original model estimate,7
Johan Manzambi,Midfield,Central Midfield,21,SC Freiburg,L1,50000000,135114010.0634168,0.370057849489717,3404,10,10,,135114010.0634168,Original model estimate,8
Vinicius Junior,Attack,Left Winger,26,Real Madrid,ES1,140000000,134891846.7633392,1.037868509915375,4333,24,14,,134891846.7633392,Original model estimate,9
Antony,Attack,Right Winger,26,Real Betis Balompié,ES1,40000000,131507990.1897918,0.3041640279215899,3498,14,10,95000000,95000000,Owner editorial estimate,95
Declan Rice,Midfield,Central Midfield,27,Arsenal FC,GB1,120000000,128677151.9858031,0.9325664902285028,4235,5,10,,128677151.9858031,Original model estimate,10
Federico Valverde,Midfield,Central Midfield,28,Real Madrid,ES1,90000000,128015031.470329,0.7030424393627552,4125,9,12,,128015031.470329,Original model estimate,11
Antoine Semenyo,Attack,Right Winger,26,Manchester City,GB1,80000000,127840478.7856073,0.6257798841176324,3735,18,5,,127840478.7856073,Original model estimate,12
Elliot Anderson,Midfield,Central Midfield,24,Nottingham Forest,GB1,75000000,127287640.8003283,0.5892166712214414,4146,4,5,,127287640.8003283,Original model estimate,13
Bukayo Saka,Attack,Right Winger,25,Arsenal FC,GB1,110000000,124576642.4808182,0.8829905655623795,3136,10,11,,124576642.4808182,Original model estimate,14
Weston McKennie,Midfield,Central Midfield,28,Juventus FC,IT1,30000000,124327571.4327251,0.241298045592673,4185,9,9,,124327571.4327251,Original model estimate,15
Khvicha Kvaratskhelia,Attack,Left Winger,25,Paris Saint-Germain,FR1,140000000,123778328.2462068,1.131054215900596,2572,18,10,,123778328.2462068,Original model estimate,16
Jamie Leweling,Attack,Right Winger,25,VfB Stuttgart,L1,40000000,123053038.7005132,0.3250630819231705,3158,10,10,,123053038.7005132,Original model estimate,17
Désiré Doué,Attack,Right Winger,21,Paris Saint-Germain,FR1,120000000,123000000,0.975609756097561,2227,13,9,,123000000,Original model estimate,18
Martín Zubimendi,Midfield,Defensive Midfield,27,Arsenal FC,GB1,75000000,121656144.1475305,0.6164916743460872,3999,6,3,,121656144.1475305,Original model estimate,19
Giuliano Simeone,Attack,Right Winger,24,Atlético de Madrid,ES1,40000000,119997657.9693491,0.3333398391010027,3621,6,8,,119997657.9693491,Original model estimate,20
Pedro Neto,Attack,Right Winger,26,Chelsea FC,GB1,60000000,119462166.1228054,0.5022510636406917,3696,9,11,,119462166.1228054,Original model estimate,21
Fermín López,Midfield,Attacking Midfield,23,FC Barcelona,ES1,100000000,119051372.0351913,0.8399735197544826,2980,13,17,,119051372.0351913,Original model estimate,22
Vitinha,Midfield,Defensive Midfield,26,Paris Saint-Germain,FR1,140000000,118695173.3766073,1.179491937349422,3662,6,9,,118695173.3766073,Original model estimate,23
Aurélien Tchouaméni,Midfield,Defensive Midfield,26,Real Madrid,ES1,70000000,118693658.0160853,0.5897534979544876,3851,2,3,,118693658.0160853,Original model estimate,24
Julián Alvarez,Attack,Centre-Forward,26,Atlético de Madrid,ES1,100000000,117688982.0729791,0.8496972124203598,3432,19,9,,117688982.0729791,Original model estimate,25
Folarin Balogun,Attack,Centre-Forward,25,AS Monaco,FR1,40000000,117587788.8556448,0.3401713765457867,3042,19,6,,117587788.8556448,Original model estimate,26
Ryan Gravenberch,Midfield,Defensive Midfield,24,Liverpool FC,GB1,80000000,116953139.4412566,0.6840346516750199,4212,5,8,,116953139.4412566,Original model estimate,27
Sandro Tonali,Midfield,Defensive Midfield,26,Newcastle United,GB1,80000000,116557997.9695371,0.6863535870005961,3773,3,7,,116557997.9695371,Original model estimate,28
Morgan Rogers,Midfield,Attacking Midfield,24,Aston Villa,GB1,90000000,116212783.9371425,0.7744414766681735,4329,13,11,,116212783.9371425,Original model estimate,29
Rasmus Højlund,Attack,Centre-Forward,23,SSC Napoli,IT1,60000000,115991748.7790991,0.5172781739351754,3627,16,8,,115991748.7790991,Original model estimate,30
Moisés Caicedo,Midfield,Defensive Midfield,25,Chelsea FC,GB1,100000000,115733267.5447103,0.8640557907117571,4079,4,1,,115733267.5447103,Original model estimate,31
Maghnes Akliouche,Attack,Right Winger,24,AS Monaco,FR1,50000000,115048094.8546347,0.4346008516105884,2982,5,9,,115048094.8546347,Original model estimate,32
Manuel Locatelli,Midfield,Defensive Midfield,28,Juventus FC,IT1,25000000,114105236.0884735,0.2190959929359931,3640,3,2,,114105236.0884735,Original model estimate,33
Abde Ezzalzouli,Attack,Left Winger,25,Real Betis Balompié,ES1,40000000,113914083.5359386,0.3511418321456315,3689,15,14,,113914083.5359386,Original model estimate,34
João Pedro,Attack,Centre-Forward,25,Chelsea FC,GB1,80000000,113705033.8119677,0.703574831456405,3355,18,7,,113705033.8119677,Original model estimate,35
Aleix García,Midfield,Central Midfield,29,Bayer 04 Leverkusen,L1,20000000,113622977.8597305,0.1760207343332468,3919,6,10,,113622977.8597305,Original model estimate,36
Alexis Mac Allister,Midfield,Central Midfield,28,Liverpool FC,GB1,70000000,113441180.8273571,0.6170598674085648,3942,5,6,,113441180.8273571,Original model estimate,37
Pedri,Midfield,Central Midfield,24,FC Barcelona,ES1,150000000,112859073.6180825,1.329091185947558,3044,1,12,,112859073.6180825,Original model estimate,38
Karim Adeyemi,Attack,Right Winger,24,Borussia Dortmund,L1,40000000,112581384.6585348,0.3552985257848983,1788,10,6,,112581384.6585348,Original model estimate,39
Angelo Stiller,Midfield,Defensive Midfield,25,VfB Stuttgart,L1,45000000,112189488.2445852,0.4011070975018189,3841,2,9,,112189488.2445852,Original model estimate,40
Igor Thiago,Attack,Centre-Forward,25,Brentford FC,GB1,65000000,111974629.0027605,0.5804886390683871,3199,22,1,,111974629.0027605,Original model estimate,41
Morgan Gibbs-White,Midfield,Attacking Midfield,26,Nottingham Forest,GB1,70000000,111847026.0529363,0.6258548168001314,3896,18,6,,111847026.0529363,Original model estimate,42
Dominik Szoboszlai,Midfield,Attacking Midfield,26,Liverpool FC,GB1,100000000,110713247.4406377,0.9032342769424956,4376,12,11,,110713247.4406377,Original model estimate,43
Mikel Jauregizar,Midfield,Central Midfield,23,Athletic Bilbao,ES1,30000000,110538319.1688522,0.2713990969427866,3546,3,2,,110538319.1688522,Original model estimate,44
Mateus Fernandes,Midfield,Central Midfield,22,West Ham United,GB1,50000000,110039869.30282,0.4543807650516597,3169,4,4,,110039869.30282,Original model estimate,45
Felix Nmecha,Midfield,Central Midfield,26,Borussia Dortmund,L1,50000000,108671255.4464086,0.4601032701297685,3209,5,4,,108671255.4464086,Original model estimate,46
Luis Díaz,Attack,Left Winger,29,Bayern Munich,L1,70000000,108342104.1057542,0.6461015371426797,3880,24,21,,108342104.1057542,Original model estimate,47
Anthony Gordon,Attack,Left Winger,25,Newcastle United,GB1,65000000,108059279.128971,0.6015216881321331,2871,17,5,,108059279.128971,Original model estimate,48
Joshua Kimmich,Midfield,Defensive Midfield,31,Bayern Munich,L1,35000000,108048824.243721,0.3239276340578408,3856,2,15,,108048824.243721,Original model estimate,49
Matías Soulé,Attack,Right Winger,23,Associazione Sportiva Roma,IT1,35000000,107849053.5689426,0.3245276508395711,2614,6,8,,107849053.5689426,Original model estimate,50
Ilaix Moriba,Midfield,Central Midfield,23,Celta de Vigo,ES1,15000000,107692416.6208603,0.1392855734012237,3219,2,4,,107692416.6208603,Original model estimate,51
Khéphren Thuram,Midfield,Central Midfield,25,Juventus FC,IT1,38000000,107493547.0277524,0.353509592442691,2956,4,5,,107493547.0277524,Original model estimate,52
Igor Jesus,Attack,Centre-Forward,25,Nottingham Forest,GB1,25000000,107274481.2125744,0.2330470370717539,3246,16,5,,107274481.2125744,Original model estimate,53
Bradley Barcola,Attack,Left Winger,24,Paris Saint-Germain,FR1,70000000,107004055.6286694,0.6541808120144283,2607,13,7,,107004055.6286694,Original model estimate,54
Hugo Ekitiké,Attack,Centre-Forward,24,Liverpool FC,GB1,80000000,105692925.9807952,0.7569096915202851,2570,14,5,,105692925.9807952,Original model estimate,55
Estéban Lepaul,Attack,Centre-Forward,26,Stade Rennais FC,FR1,35000000,104937043.5575365,0.3335333149614575,2447,19,5,,104937043.5575365,Original model estimate,56
Enzo Le Fée,Midfield,Central Midfield,26,Sunderland AFC,GB1,28000000,104695364.6853207,0.2674425948480015,3105,5,6,,104695364.6853207,Original model estimate,57
Donyell Malen,Attack,Centre-Forward,27,Associazione Sportiva Roma,IT1,45000000,104173014.0005809,0.43197367794071,2866,22,5,,104173014.0005809,Original model estimate,58
Lucas Da Cunha,Midfield,Central Midfield,25,Como 1907,IT1,20000000,103972370.4374096,0.1923587960518781,2940,7,5,,103972370.4374096,Original model estimate,59
Ethan Ampadu,Midfield,Defensive Midfield,26,Leeds United,GB1,30000000,103885578.1201944,0.2887792563977489,3509,1,1,,103885578.1201944,Original model estimate,60
Dango Ouattara,Attack,Right Winger,24,Brentford FC,GB1,35000000,103270292.1150094,0.3389164423106445,2686,6,10,,103270292.1150094,Original model estimate,61
João Neves,Midfield,Central Midfield,22,Paris Saint-Germain,FR1,140000000,102180294.9327302,1.370127186383325,2455,5,4,,102180294.9327302,Original model estimate,62
Pape Gueye,Midfield,Central Midfield,27,Villarreal CF,ES1,40000000,101648431.4231822,0.3935132046796887,3300,8,3,,101648431.4231822,Original model estimate,63
Bruno Guimarães,Midfield,Central Midfield,29,Newcastle United,GB1,70000000,101428773.3859537,0.6901394709136244,3303,8,11,,101428773.3859537,Original model estimate,64
James Garner,Midfield,Defensive Midfield,25,Everton FC,GB1,45000000,101402756.1727369,0.4437749199177951,3354,2,7,,101402756.1727369,Original model estimate,65
Igor Matanovic,Attack,Centre-Forward,23,SC Freiburg,L1,22000000,101222204.6129962,0.2173436162955827,2594,15,4,,101222204.6129962,Original model estimate,66
Ayyoub Bouaddi,Midfield,Central Midfield,19,LOSC Lille,FR1,50000000,101127561.7803164,0.4944250520804314,2991,0,1,,101127561.7803164,Original model estimate,67
Noni Madueke,Attack,Right Winger,24,Arsenal FC,GB1,50000000,101081055.4860694,0.4946525316694069,2219,8,5,,101081055.4860694,Original model estimate,68
Ferran Torres,Attack,Centre-Forward,26,FC Barcelona,ES1,50000000,100440912.7521836,0.4978051137723555,2595,19,3,,100440912.7521836,Original model estimate,69
Rayan Cherki,Midfield,Attacking Midfield,23,Manchester City,GB1,90000000,100158943.6948845,0.8985717768167379,2788,9,15,,100158943.6948845,Original model estimate,70
Éderson,Midfield,Central Midfield,27,Atalanta BC,IT1,45000000,100148461.0014388,0.4493329158533298,3159,3,2,,100148461.0014388,Original model estimate,71
Kenan Yıldız,Attack,Left Winger,21,Juventus FC,IT1,75000000,100000000,0.75,3736,11,8,,100000000,Original model estimate,72
Georges Mikautadze,Attack,Centre-Forward,26,Villarreal CF,ES1,30000000,99767993.603882,0.3006976377525617,2694,15,6,,99767993.603882,Original model estimate,73
Scott McTominay,Midfield,Central Midfield,30,SSC Napoli,IT1,40000000,99600595.33937591,0.4016040251938783,3792,13,4,,99600595.33937591,Original model estimate,74
Maximilian Beier,Attack,Centre-Forward,24,Borussia Dortmund,L1,40000000,99539714.63115308,0.4018496551674978,2621,10,9,,99539714.63115308,Original model estimate,75
Florian Wirtz,Midfield,Attacking Midfield,23,Liverpool FC,GB1,100000000,99463022.20685987,1.005398768117294,3422,7,11,,99463022.20685987,Original model estimate,76
Jérémy Doku,Attack,Left Winger,24,Manchester City,GB1,75000000,99376279.74269322,0.7547072620769393,2894,8,14,,99376279.74269322,Original model estimate,77
Senny Mayulu,Midfield,Central Midfield,20,Paris Saint-Germain,FR1,40000000,98736590.66873643,0.4051183024356283,2125,6,4,,98736590.66873643,Original model estimate,78
Jobe Bellingham,Midfield,Central Midfield,21,Borussia Dortmund,L1,40000000,98259551.0992733,0.4070851082922954,2523,0,4,,98259551.0992733,Original model estimate,79
Maximilian Eggestein,Midfield,Central Midfield,30,SC Freiburg,L1,10000000,98084035.85649636,0.1019533904032118,4433,5,1,,98084035.85649636,Original model estimate,80
Noah Sadiki,Midfield,Central Midfield,22,Sunderland AFC,GB1,35000000,98031079.91697752,0.3570296280489971,3206,0,1,,98031079.91697752,Original model estimate,81
Bryan Cristante,Midfield,Defensive Midfield,31,Associazione Sportiva Roma,IT1,7000000,97480944.26753752,0.07180890637239236,3560,2,2,,97480944.26753752,Original model estimate,82
Christoph Baumgartner,Midfield,Attacking Midfield,27,RB Leipzig,L1,40000000,96893229.72202998,0.4128255412143152,2909,16,9,,96893229.72202998,Original model estimate,83
Francisco Conceição,Attack,Right Winger,24,Juventus FC,IT1,30000000,96864311.36454388,0.3097115911669112,2621,4,5,,96864311.36454388,Original model estimate,84
Ansgar Knauff,Attack,Right Winger,24,Eintracht Frankfurt,L1,15000000,96726201.73093231,0.1550769050326837,1957,6,4,,96726201.73093231,Original model estimate,85
Nick Woltemade,Attack,Centre-Forward,24,Newcastle United,GB1,55000000,96659520.3355736,0.5690075825853064,3026,11,5,,96659520.3355736,Original model estimate,86
Kenneth Taylor,Midfield,Central Midfield,24,Società Sportiva Lazio S.p.A.,IT1,25000000,96521193.17451425,0.2590104740499735,2875,5,6,,96521193.17451425,Original model estimate,87
Nico Paz,Midfield,Attacking Midfield,22,Como 1907,IT1,80000000,96213749.72766817,0.8314819890757715,3103,12,7,,96213749.72766817,Original model estimate,88
Robert Navarro,Attack,Right Winger,24,Athletic Bilbao,ES1,6000000,96073888.5425014,0.06245193247638462,2010,7,3,,96073888.5425014,Original model estimate,89
Pablo Fornals,Midfield,Central Midfield,30,Real Betis Balompié,ES1,8000000,95605784.1780094,0.08367694558212835,3349,9,9,,95605784.1780094,Original model estimate,90
Viktor Gyökeres,Attack,Centre-Forward,28,Arsenal FC,GB1,65000000,95232020.00004104,0.6825435394520876,3457,20,5,,95232020.00004104,Original model estimate,91
Kaishu Sano,Midfield,Defensive Midfield,26,1.FSV Mainz 05,L1,40000000,95156539.76385646,0.4203599678935919,3150,1,4,,95156539.76385646,Original model estimate,92
Ismaël Koné,Midfield,Central Midfield,24,US Sassuolo,IT1,25000000,95114484.76453659,0.2628411441421301,2825,6,0,,95114484.76453659,Original model estimate,93
Timothy Weah,Midfield,Right Midfield,26,Olympique Marseille,FR1,20000000,95006435.49897532,0.2105120552619376,2741,3,3,,95006435.49897532,Original model estimate,94
Nicolò Barella,Midfield,Central Midfield,29,Inter Milan,IT1,50000000,94827001.33286308,0.5272759793857584,3136,3,8,,94827001.33286308,Original model estimate,96
Lamine Camara,Midfield,Central Midfield,22,AS Monaco,FR1,40000000,94661791.10554855,0.4225569739685121,2574,3,3,,94661791.10554855,Original model estimate,97
Jude Bellingham,Midfield,Attacking Midfield,23,Real Madrid,ES1,130000000,94316744.07082401,1.378334263769547,2942,10,6,,94316744.07082401,Original model estimate,98
Lorenzo Bernasconi,Midfield,Left Midfield,23,Atalanta BC,IT1,20000000,94233429.4930659,0.212238906167282,2668,0,3,,94233429.4930659,Original model estimate,99
Alexis Saelemaekers,Midfield,Right Midfield,27,AC Milan,IT1,20000000,94209161.28531589,0.2122935787468617,2905,4,5,,94209161.28531589,Original model estimate,100
Petar Sučić,Midfield,Central Midfield,23,Inter Milan,IT1,40000000,94084783.52326657,0.4251484512382202,2527,5,4,,94084783.52326657,Original model estimate,101
Deniz Undav,Attack,Centre-Forward,30,VfB Stuttgart,L1,22000000,93973511.55848385,0.2341085230842782,3376,28,16,,93973511.55848385,Original model estimate,102
Alberto Moleiro,Attack,Left Winger,23,Villarreal CF,ES1,50000000,93932020.6732379,0.5322998445219805,2720,10,6,,93932020.6732379,Original model estimate,103
Bryan Mbeumo,Attack,Right Winger,27,Manchester United,GB1,75000000,93906910.53773914,0.7986632673839178,2760,10,4,,93906910.53773914,Original model estimate,104
Michel Adopo,Midfield,Central Midfield,26,Cagliari Calcio,IT1,7000000,93804207.19701195,0.07462351859440883,2989,1,2,,93804207.19701195,Original model estimate,105
Antonio Blanco,Midfield,Defensive Midfield,26,Deportivo Alavés,ES1,10000000,93782086.31894194,0.1066301720564327,2970,2,3,,93782086.31894194,Original model estimate,106
Arda Güler,Midfield,Attacking Midfield,21,Real Madrid,ES1,90000000,93648853.7005698,0.961036856764563,3289,6,13,,93648853.7005698,Original model estimate,107
João Gomes,Midfield,Central Midfield,25,Wolverhampton Wanderers,GB1,40000000,93493350.18310462,0.4278379149068988,2905,1,3,,93493350.18310462,Original model estimate,108
Santiago Castro,Attack,Centre-Forward,22,Bologna Football Club 1909,IT1,32000000,93382241.10284196,0.3426775757583111,3310,11,3,,93382241.10284196,Original model estimate,109
Iliman Ndiaye,Attack,Right Winger,26,Everton FC,GB1,55000000,93376187.39281254,0.5890152675502526,3057,6,5,,93376187.39281254,Original model estimate,110
Amad Diallo,Attack,Right Winger,24,Manchester United,GB1,45000000,93347842.98442091,0.4820679146009852,2676,6,4,,93347842.98442091,Original model estimate,111
Nicola Zalewski,Midfield,Left Midfield,24,Atalanta BC,IT1,20000000,93322665.26843299,0.2143102100917507,2355,2,7,,93322665.26843299,Original model estimate,112
Alex Scott,Midfield,Central Midfield,23,AFC Bournemouth,GB1,50000000,93089529.72859716,0.5371173336655064,2769,4,1,,93089529.72859716,Original model estimate,113
Curtis Jones,Midfield,Central Midfield,25,Liverpool FC,GB1,35000000,92941367.70345876,0.3765815036386375,2642,3,3,,92941367.70345876,Original model estimate,114
Pierre-Emile Højbjerg,Midfield,Defensive Midfield,31,Olympique Marseille,FR1,15000000,92896726.14394566,0.1614696300142714,3193,3,5,,92896726.14394566,Original model estimate,115
Ferran Jutglà,Attack,Right Winger,27,Celta de Vigo,ES1,10000000,92893517.25767776,0.1076501385157045,2117,10,3,,92893517.25767776,Original model estimate,116
Manu Koné,Midfield,Central Midfield,25,Associazione Sportiva Roma,IT1,50000000,92887572.55796595,0.5382851400148043,2758,2,3,,92887572.55796595,Original model estimate,117
Kévin Danois,Midfield,Central Midfield,22,AJ Auxerre,FR1,20000000,92373559.36819187,0.216512172279537,2569,3,1,,92373559.36819187,Original model estimate,118
Nikola Krstović,Attack,Centre-Forward,26,US Lecce,IT1,30000000,92345672.8076792,0.324866331988057,2508,11,7,,92345672.8076792,Original model estimate,119
Morten Frendrup,Midfield,Defensive Midfield,25,Genoa CFC,IT1,15000000,92205272.21014196,0.1626805023232728,3061,2,0,,92205272.21014196,Original model estimate,120
Ibrahim Sangaré,Midfield,Defensive Midfield,29,Nottingham Forest,GB1,20000000,91979090.69082904,0.217440723209869,3067,2,4,,91979090.69082904,Original model estimate,121
Joel Chima Fujita,Midfield,Central Midfield,24,FC St. Pauli,L1,10000000,91956250.7808289,0.1087473653513156,2769,1,3,,91956250.7808289,Original model estimate,122
Mikael Egill Ellertsson,Midfield,Central Midfield,24,Genoa CFC,IT1,6000000,91734966.9145641,0.06540581200174198,2764,1,2,,91734966.9145641,Original model estimate,123
Tijjani Reijnders,Midfield,Central Midfield,28,Manchester City,GB1,50000000,91726230.77677767,0.5451003445424305,2741,6,8,,91726230.77677767,Original model estimate,124
Yegor Yarmolyuk,Midfield,Central Midfield,22,Brentford FC,GB1,32000000,91669521.7239559,0.3490800366163302,2694,1,2,,91669521.7239559,Original model estimate,125
Lewis Ferguson,Midfield,Central Midfield,27,Bologna Football Club 1909,IT1,14000000,91509412.85448433,0.1529897260106171,3195,1,0,,91509412.85448433,Original model estimate,126
Samú Costa,Midfield,Defensive Midfield,26,RCD Mallorca,ES1,15000000,91446958.71032265,0.1640295118781985,2804,7,2,,91446958.71032265,Original model estimate,127
Robert Andrich,Midfield,Defensive Midfield,32,Bayer 04 Leverkusen,L1,6000000,91185192.73938368,0.0658001570183505,3495,3,2,,91185192.73938368,Original model estimate,128
Arthur Atta,Midfield,Central Midfield,23,Udinese Calcio,IT1,25000000,91035630.67207402,0.2746177492860383,2454,4,4,,91035630.67207402,Original model estimate,129
Jonathan Burkardt,Attack,Centre-Forward,26,Eintracht Frankfurt,L1,30000000,91033635.72334565,0.3295485208475143,1735,15,2,,91033635.72334565,Original model estimate,130
Gabriel Martinelli,Attack,Left Winger,25,Arsenal FC,GB1,45000000,90792518.24034755,0.4956355531507036,2267,11,7,,90792518.24034755,Original model estimate,131
Cucho Hernández,Attack,Centre-Forward,27,Real Betis Balompié,ES1,18000000,90574246.9180175,0.1987319863260088,2809,15,4,,90574246.9180175,Original model estimate,132
Joaquín Panichelli,Attack,Centre-Forward,24,RC Strasbourg Alsace,FR1,35000000,90571885.24159832,0.3864333827946536,1926,14,1,,90571885.24159832,Original model estimate,133
Nicolai Remberg,Midfield,Defensive Midfield,26,Hamburger SV,L1,9000000,90455298.08490154,0.09949665957158839,2809,0,3,,90455298.08490154,Original model estimate,134
Yuito Suzuki,Attack,Second Striker,25,SC Freiburg,L1,24000000,90395707.1053575,0.2654993336356964,2796,9,7,,90395707.1053575,Original model estimate,135
Ousmane Dembélé,Attack,Centre-Forward,29,Paris Saint-Germain,FR1,100000000,90228427.78298096,1.108298154551931,1924,20,9,,90228427.78298096,Original model estimate,136
Teun Koopmeiners,Midfield,Defensive Midfield,28,Juventus FC,IT1,14000000,90175106.35383403,0.1552534903043644,2677,2,1,,90175106.35383403,Original model estimate,137
Diego Moreira,Midfield,Left Midfield,22,RC Strasbourg Alsace,FR1,25000000,90038245.44382785,0.2776597864248337,1948,4,7,,90038245.44382785,Original model estimate,138
Tiago Tomás,Attack,Right Winger,24,VfB Stuttgart,L1,15000000,90035188.50452007,0.1666015282374507,1419,7,3,,90035188.50452007,Original model estimate,139
Brahim Díaz,Attack,Right Winger,27,Real Madrid,ES1,35000000,90026178.34942052,0.3887758054568723,2358,7,10,,90026178.34942052,Original model estimate,140
Igor Paixão,Attack,Left Winger,26,Olympique Marseille,FR1,35000000,89856624.94114426,0.3895093992560356,2523,10,7,,89856624.94114426,Original model estimate,141
Nicolas Seiwald,Midfield,Defensive Midfield,25,RB Leipzig,L1,25000000,89799151.08955985,0.2783990683282364,3115,0,2,,89799151.08955985,Original model estimate,142
Phil Foden,Midfield,Attacking Midfield,26,Manchester City,GB1,70000000,89714964.41581906,0.7802488743745987,3033,10,7,,89714964.41581906,Original model estimate,143
Fisnik Asllani,Attack,Centre-Forward,24,TSG 1899 Hoffenheim,L1,35000000,89678684.79390162,0.3902822625068214,2273,9,8,,89678684.79390162,Original model estimate,144
Diego Gómez,Midfield,Central Midfield,23,Brighton & Hove Albion,GB1,25000000,89536941.89022318,0.2792143608238404,2553,9,1,,89536941.89022318,Original model estimate,145
Sander Berge,Midfield,Defensive Midfield,28,Fulham FC,GB1,25000000,89498255.96009749,0.2793350521952759,2948,0,1,,89498255.96009749,Original model estimate,146
Tyler Morton,Midfield,Defensive Midfield,24,Olympique Lyon,FR1,30000000,89333726.5469419,0.3358194173645717,2892,2,3,,89333726.5469419,Original model estimate,147
Niklas Beste,Attack,Right Winger,27,SC Freiburg,L1,10000000,89297476.09783594,0.1119852479261991,3101,3,7,,89297476.09783594,Original model estimate,148
Rocco Reitz,Midfield,Central Midfield,24,Borussia Mönchengladbach,L1,20000000,89147615.34936947,0.2243469993181535,2577,0,4,,89147615.34936947,Original model estimate,149
Yan Diomande,Attack,Left Winger,20,RB Leipzig,L1,90000000,88988188.70874731,1.011370175142729,3165,13,11,,88988188.70874731,Original model estimate,150
