club,league,transfers,reported_permanent_fees_gbp,league_spend_rank
Bayer Leverkusen,Bundesliga,10,138100000,1
Borussia Dortmund,Bundesliga,7,92400000,2
Bayern Munich,Bundesliga,3,88900000,3
RB Leipzig,Bundesliga,8,57200000,4
Stuttgart,Bundesliga,4,48900000,5
Real Madrid,La Liga,8,210500000,1
Barcelona,La Liga,9,158300000,2
Atlético Madrid,La Liga,8,122800000,3
Real Betis,La Liga,4,29200000,4
Deportivo La Coruña,La Liga,9,16600000,5
Paris Saint-Germain,Ligue 1,5,141100000,1
Strasbourg,Ligue 1,14,72100000,2
Paris FC,Ligue 1,6,56520000,3
Monaco,Ligue 1,4,35200000,4
Rennes,Ligue 1,7,23500000,5
Manchester City,Premier League,9,457500000,1
Chelsea,Premier League,11,340400000,2
Tottenham Hotspur,Premier League,11,311500000,3
Newcastle United,Premier League,8,272800000,4
Aston Villa,Premier League,10,255920000,5
Milan,Serie A,6,134660000,1
Fiorentina,Serie A,13,102000000,2
Roma,Serie A,7,99030000,3
Juventus,Serie A,11,90350000,4
Inter,Serie A,5,71200000,5
