record_id,player_name,from_club,to_club,to_league,quoted_fee_gbp,quote_basis,source_url
S26-1420,Enzo Fernández,Chelsea,Manchester City,Premier League,125000000,Source quote; base/add-on treatment unspecified,https://www.theguardian.com/football/ng-interactive/2026/sep/01/mens-transfer-window-summer-2026-all-deals-from-europes-top-five-leagues
S26-1230,Bradley Barcola,Paris Saint-Germain,Liverpool,Premier League,123000000,Source quote; base/add-on treatment unspecified,https://www.theguardian.com/football/ng-interactive/2026/sep/01/mens-transfer-window-summer-2026-all-deals-from-europes-top-five-leagues
S26-0492,Morgan Rogers,Aston Villa,Chelsea,Premier League,117000000,Source quote; base/add-on treatment unspecified,https://www.theguardian.com/football/ng-interactive/2026/sep/01/mens-transfer-window-summer-2026-all-deals-from-europes-top-five-leagues
S26-0200,Elliot Anderson,Nottingham Forest,Manchester City,Premier League,116000000,Source quote; base/add-on treatment unspecified,https://www.theguardian.com/football/ng-interactive/2026/sep/01/mens-transfer-window-summer-2026-all-deals-from-europes-top-five-leagues
S26-0779,Yan Diomande,RB Leipzig,Real Madrid,La Liga,115700000,Source quote; base/add-on treatment unspecified,https://www.theguardian.com/football/ng-interactive/2026/sep/01/mens-transfer-window-summer-2026-all-deals-from-europes-top-five-leagues
S26-0252,Sandro Tonali,Newcastle United,Tottenham Hotspur,Premier League,92500000,Source quote; base/add-on treatment unspecified,https://www.theguardian.com/football/ng-interactive/2026/sep/01/mens-transfer-window-summer-2026-all-deals-from-europes-top-five-leagues
S26-1119,Ayyoub Bouaddi,Lille,Manchester City,Premier League,85700000,Source quote; base/add-on treatment unspecified,https://www.theguardian.com/football/ng-interactive/2026/sep/01/mens-transfer-window-summer-2026-all-deals-from-europes-top-five-leagues
S26-0196,Mateus Fernandes,West Ham United,Tottenham Hotspur,Premier League,85000000,Source quote; base/add-on treatment unspecified,https://www.theguardian.com/football/ng-interactive/2026/sep/01/mens-transfer-window-summer-2026-all-deals-from-europes-top-five-leagues
S26-1110,Sávio,Manchester City,Tottenham Hotspur,Premier League,75000000,Base fee; add-ons separately reported,https://www.theguardian.com/football/ng-interactive/2026/sep/01/mens-transfer-window-summer-2026-all-deals-from-europes-top-five-leagues
S26-0843,Bruno Guimarães,Newcastle United,Arsenal,Premier League,75000000,Source quote; base/add-on treatment unspecified,https://www.theguardian.com/football/ng-interactive/2026/sep/01/mens-transfer-window-summer-2026-all-deals-from-europes-top-five-leagues
S26-1117,Carlos Baleba,Brighton,Manchester United,Premier League,70000000,Includes add-ons or potential total; see components,https://www.theguardian.com/football/ng-interactive/2026/sep/01/mens-transfer-window-summer-2026-all-deals-from-europes-top-five-leagues
S26-0010,Anthony Gordon,Newcastle United,Barcelona,La Liga,69300000,Source quote; base/add-on treatment unspecified,https://www.theguardian.com/football/ng-interactive/2026/sep/01/mens-transfer-window-summer-2026-all-deals-from-europes-top-five-leagues
S26-0159,Gonçalo Ramos,Paris Saint-Germain,Milan,Serie A,60200000,Source quote; base/add-on treatment unspecified,https://www.theguardian.com/football/ng-interactive/2026/sep/01/mens-transfer-window-summer-2026-all-deals-from-europes-top-five-leagues
S26-1467,Gabriel Martinelli,Arsenal,Al-Hilal,Outside top five / unattached,60000000,Source quote; base/add-on treatment unspecified,https://www.theguardian.com/football/ng-interactive/2026/sep/01/mens-transfer-window-summer-2026-all-deals-from-europes-top-five-leagues
S26-1364,Iliman Ndiaye,Everton,Manchester City,Premier League,60000000,Includes add-ons or potential total; see components,https://www.theguardian.com/football/ng-interactive/2026/sep/01/mens-transfer-window-summer-2026-all-deals-from-europes-top-five-leagues
S26-0007,Jérémy Jacquet,Rennes,Liverpool,Premier League,55000000,Source quote; base/add-on treatment unspecified,https://www.theguardian.com/football/ng-interactive/2026/sep/01/mens-transfer-window-summer-2026-all-deals-from-europes-top-five-leagues
S26-0067,Marc Cucurella,Chelsea,Real Madrid,La Liga,52000000,Source quote; base/add-on treatment unspecified,https://www.theguardian.com/football/ng-interactive/2026/sep/01/mens-transfer-window-summer-2026-all-deals-from-europes-top-five-leagues
S26-0672,Maxence Lacroix,Crystal Palace,Chelsea,Premier League,52000000,Source quote; base/add-on treatment unspecified,https://www.theguardian.com/football/ng-interactive/2026/sep/01/mens-transfer-window-summer-2026-all-deals-from-europes-top-five-leagues
S26-1041,Tijjani Reijnders,Manchester City,Al-Qadsiah,Outside top five / unattached,52000000,Source quote; base/add-on treatment unspecified,https://www.theguardian.com/football/ng-interactive/2026/sep/01/mens-transfer-window-summer-2026-all-deals-from-europes-top-five-leagues
S26-1131,Nico González,Manchester City,Newcastle United,Premier League,52000000,Source quote; base/add-on treatment unspecified,https://www.theguardian.com/football/ng-interactive/2026/sep/01/mens-transfer-window-summer-2026-all-deals-from-europes-top-five-leagues
