player_name,position,current_club_name,tm_value,fair_value,model_gap_eur,listed_to_model_ratio
Weston McKennie,Midfield,Juventus FC,30000000,124327571.4327251,94327571.43,0.241
Aleix García,Midfield,Bayer 04 Leverkusen,20000000,113622977.8597305,93622977.86,0.176
Ilaix Moriba,Midfield,Celta de Vigo,15000000,107692416.6208603,92692416.62,0.139
Antony,Attack,Real Betis Balompié,40000000,131507990.1897918,91507990.19,0.304
Mason Greenwood,Attack,Olympique Marseille,55000000,145969100.7262228,90969100.73,0.377
Bryan Cristante,Midfield,Associazione Sportiva Roma,7000000,97480944.26753752,90480944.27,0.072
Robert Navarro,Attack,Athletic Bilbao,6000000,96073888.5425014,90073888.54,0.062
Manuel Locatelli,Midfield,Juventus FC,25000000,114105236.0884735,89105236.09,0.219
Maximilian Eggestein,Midfield,SC Freiburg,10000000,98084035.85649636,88084035.86,0.102
Pablo Fornals,Midfield,Real Betis Balompié,8000000,95605784.1780094,87605784.18,0.084
Michel Adopo,Midfield,Cagliari Calcio,7000000,93804207.19701195,86804207.2,0.075
Mikael Egill Ellertsson,Midfield,Genoa CFC,6000000,91734966.9145641,85734966.91,0.065
Robert Andrich,Midfield,Bayer 04 Leverkusen,6000000,91185192.73938368,85185192.74,0.066
Johan Manzambi,Midfield,SC Freiburg,50000000,135114010.0634168,85114010.06,0.37
Lucas Da Cunha,Midfield,Como 1907,20000000,103972370.4374096,83972370.44,0.192
Antonio Blanco,Midfield,Deportivo Alavés,10000000,93782086.31894194,83782086.32,0.107
Jamie Leweling,Attack,VfB Stuttgart,40000000,123053038.7005132,83053038.7,0.325
Ferran Jutglà,Attack,Celta de Vigo,10000000,92893517.25767776,82893517.26,0.108
Igor Jesus,Attack,Nottingham Forest,25000000,107274481.2125744,82274481.21,0.233
Joel Chima Fujita,Midfield,FC St. Pauli,10000000,91956250.7808289,81956250.78,0.109
